{
	"partitions" : [
		{
			"name" : "Top",
			"pins" : [
				{
					"name" : "X_mov[0]",
					"strict" : false
				},
				{
					"name" : "X_mov[1]",
					"strict" : false
				},
				{
					"name" : "X_mov[2]",
					"strict" : false
				},
				{
					"name" : "X_mov[3]",
					"strict" : false
				},
				{
					"name" : "X_mov[4]",
					"strict" : false
				},
				{
					"name" : "X_mov[5]",
					"strict" : false
				},
				{
					"name" : "X_mov[6]",
					"strict" : false
				},
				{
					"name" : "X_mov[7]",
					"strict" : false
				},
				{
					"name" : "X_mov[8]",
					"strict" : false
				},
				{
					"name" : "y_mov[0]",
					"strict" : false
				},
				{
					"name" : "y_mov[1]",
					"strict" : false
				},
				{
					"name" : "y_mov[2]",
					"strict" : false
				},
				{
					"name" : "y_mov[3]",
					"strict" : false
				},
				{
					"name" : "y_mov[4]",
					"strict" : false
				},
				{
					"name" : "y_mov[5]",
					"strict" : false
				},
				{
					"name" : "y_mov[6]",
					"strict" : false
				},
				{
					"name" : "y_mov[7]",
					"strict" : false
				},
				{
					"name" : "y_mov[8]",
					"strict" : false
				},
				{
					"name" : "valid",
					"strict" : false
				},
				{
					"name" : "data",
					"strict" : false
				},
				{
					"name" : "clock",
					"strict" : false
				},
				{
					"name" : "clk_50MHz",
					"strict" : false
				},
				{
					"name" : "reset",
					"strict" : false
				}
			]
		}
	]
}